{"cameraMode":{"drawMode":0,"name":"Shaded","section":"Shading Mode"},"sceneLighting":false,"audioPlay":false,"sceneViewState":{"m_AlwaysRefresh":false,"showFog":true,"showSkybox":false,"showFlares":true,"showImageEffects":true,"showParticleSystems":true,"showVisualEffectGraphs":true,"m_FxEnabled":true},"in2DMode":false,"pivot":{"x":-1.6205695867538453,"y":0.6461779475212097,"z":-0.6493959426879883},"rotation":{"x":-0.17177727818489076,"y":-0.06399436295032501,"z":0.011189647950232029,"w":-0.9830098152160645},"size":0.9584173560142517,"orthographic":false}