{"cameraMode":{"drawMode":0,"name":"Shaded","section":"Shading Mode"},"sceneLighting":false,"audioPlay":false,"sceneViewState":{"m_AlwaysRefresh":false,"showFog":true,"showSkybox":false,"showFlares":true,"showImageEffects":true,"showParticleSystems":true,"showVisualEffectGraphs":true,"m_FxEnabled":true},"in2DMode":false,"pivot":{"x":0.0015000104904174805,"y":0.7088040113449097,"z":0.01789247989654541},"rotation":{"x":-0.4092448949813843,"y":-0.10807836800813675,"z":0.04889838024973869,"w":-0.9047022461891174},"size":1.2669757604599,"orthographic":false}