{"cameraMode":{"drawMode":0,"name":"Shaded","section":"Shading Mode"},"sceneLighting":false,"audioPlay":false,"sceneViewState":{"m_AlwaysRefresh":false,"showFog":true,"showSkybox":false,"showFlares":true,"showImageEffects":true,"showParticleSystems":true,"showVisualEffectGraphs":true,"m_FxEnabled":true},"in2DMode":false,"pivot":{"x":-0.06207302212715149,"y":0.8687160015106201,"z":0.33785438537597659},"rotation":{"x":-0.012591074220836163,"y":0.9689920544624329,"z":-0.2441035956144333,"w":-0.04800504818558693},"size":1.299038052558899,"orthographic":false}