{"cameraMode":{"drawMode":0,"name":"Shaded","section":"Shading Mode"},"sceneLighting":false,"audioPlay":false,"sceneViewState":{"m_AlwaysRefresh":false,"showFog":true,"showSkybox":false,"showFlares":true,"showImageEffects":true,"showParticleSystems":true,"showVisualEffectGraphs":true,"m_FxEnabled":true},"in2DMode":false,"pivot":{"x":-2.748821496963501,"y":2.4149091243743898,"z":-6.042335033416748},"rotation":{"x":-0.5753334760665894,"y":-0.013339878059923649,"z":0.010123863816261292,"w":-0.8182950615882874},"size":0.9064364433288574,"orthographic":false}